<?xml version="1.0" encoding="UTF-8" ?>
<!DOCTYPE mapper
  PUBLIC "-//mybatis.org//DTD Mapper 3.0//EN"
  "http://mybatis.org/dtd/mybatis-3-mapper.dtd">

<mapper namespace="edu.unisabana.dyas.sampleprj.dao.mybatis.mappers.ClienteMapper">

    <!-- ResultMap de TipoItem -->
    <resultMap type="TipoItem" id="TipoItemResult">
        <id property="id" column="ti_id"/>
        <result property="descripcion" column="ti_descripcion"/>
    </resultMap>

    <!-- ResultMap de Item -->
    <resultMap type="Item" id="ItemResult">
        <id property="id" column="i_id"/>
        <result property="nombre" column="i_nombre"/>
        <result property="descripcion" column="i_descripcion"/>
        <result property="fechaLanzamiento" column="i_fechaLanzamiento"/>
        <result property="tarifaxDia" column="i_tarifaxdia"/>
        <result property="formatoRenta" column="i_formatorenta"/>
        <result property="genero" column="i_genero"/>
        <association property="tipo" resultMap="TipoItemResult"/>
    </resultMap>

    <!-- ResultMap de ItemRentado (sin id porque no existe en la BD) -->
    <resultMap type="ItemRentado" id="ItemRentadoResult">
        <result property="fechainiciorenta" column="ir_fechainiciorenta"/>
        <result property="fechafinrenta" column="ir_fechafinrenta"/>
        <association property="item" resultMap="ItemResult" columnPrefix="i_"/>
    </resultMap>

    <!-- ResultMap de Cliente -->
    <resultMap type="Cliente" id="ClienteResult">
        <id property="documento" column="c_documento"/>
        <result property="nombre" column="c_nombre"/>
        <result property="telefono" column="c_telefono"/>
        <result property="direccion" column="c_direccion"/>
        <result property="email" column="c_email"/>
        <result property="vetado" column="c_vetado"/>
        <collection property="rentados" ofType="ItemRentado" resultMap="ItemRentadoResult" columnPrefix="ir_"/>
    </resultMap>

    <!-- Consultar todos los clientes con sus items -->
    <select id="consultarClientes" resultMap="ClienteResult">
        SELECT
            c.documento as c_documento,
            c.nombre as c_nombre,
            c.telefono as c_telefono,
            c.direccion as c_direccion,
            c.email as c_email,
            c.vetado as c_vetado,
            ir.fechainiciorenta as ir_fechainiciorenta,
            ir.fechafinrenta as ir_fechafinrenta,
            i.id as i_id,
            i.nombre as i_nombre,
            i.descripcion as i_descripcion,
            i.fechalanzamiento as i_fechaLanzamiento,
            i.tarifaxdia as i_tarifaxdia,
            i.formatorenta as i_formatorenta,
            i.genero as i_genero,
            ti.id as ti_id,
            ti.descripcion as ti_descripcion
        FROM VI_CLIENTES c
        LEFT JOIN VI_ITEMRENTADO ir ON c.documento = ir.CLIENTES_documento 
        LEFT JOIN VI_ITEMS i ON ir.ITEMS_id = i.id 
        LEFT JOIN VI_TIPOITEM ti ON i.TIPOITEM_id = ti.id
    </select>

    <!-- Consultar cliente por ID -->
    <select id="consultarCliente" parameterType="map" resultMap="ClienteResult">
        SELECT
            c.documento as c_documento,
            c.nombre as c_nombre,
            c.telefono as c_telefono,
            c.direccion as c_direccion,
            c.email as c_email,
            c.vetado as c_vetado,
            ir.fechainiciorenta as ir_fechainiciorenta,
            ir.fechafinrenta as ir_fechafinrenta,
            i.id as i_id,
            i.nombre as i_nombre,
            i.descripcion as i_descripcion,
            i.fechalanzamiento as i_fechaLanzamiento,
            i.tarifaxdia as i_tarifaxdia,
            i.formatorenta as i_formatorenta,
            i.genero as i_genero,
            ti.id as ti_id,
            ti.descripcion as ti_descripcion
        FROM VI_CLIENTES c
        LEFT JOIN VI_ITEMRENTADO ir ON c.documento = ir.CLIENTES_documento 
        LEFT JOIN VI_ITEMS i ON ir.ITEMS_id = i.id 
        LEFT JOIN VI_TIPOITEM ti ON i.TIPOITEM_id = ti.id
        WHERE c.documento = #{idcli}
    </select>

    <!-- Insertar un item rentado para un cliente -->
    <insert id="agregarItemRentadoACliente" parameterType="map">
        INSERT INTO VI_ITEMRENTADO (CLIENTES_documento, ITEMS_id, fechainiciorenta, fechafinrenta)
        VALUES (#{id}, #{idit}, #{fechainicio}, #{fechafin})
    </insert>

</mapper>
