<?xml version="1.0" encoding="UTF-8" ?>
<!DOCTYPE mapper
        PUBLIC "-//mybatis.org//DTD Mapper 3.0//EN"
        "http://mybatis.org/dtd/mybatis-3-mapper.dtd">

<mapper namespace="edu.unisabana.dyas.sampleprj.dao.mybatis.mappers.ItemMapper">

    <!-- ResultMap de TipoItem -->
    <resultMap id="TipoItemResult" type="TipoItem">
        <id property="id" column="ti_id"/>
        <result property="descripcion" column="ti_descripcion"/>
    </resultMap>

    <!-- ResultMap de Item -->
    <resultMap id="ItemResult" type="Item">
        <id property="id" column="i_id"/>
        <result property="nombre" column="i_nombre"/>
        <result property="descripcion" column="i_descripcion"/>
        <result property="fechaLanzamiento" column="i_fechaLanzamiento"/>
        <result property="tarifaxDia" column="i_tarifaxdia"/>
        <result property="formatoRenta" column="i_formatorenta"/>
        <result property="genero" column="i_genero"/>
        <association property="tipo" resultMap="TipoItemResult"/>
    </resultMap>

    <!-- Consultar todos los items -->
    <select id="consultarItems" resultMap="ItemResult">
        SELECT i.id AS i_id, i.nombre AS i_nombre, i.descripcion AS i_descripcion,
               i.fechalanzamiento AS i_fechaLanzamiento, i.tarifaxdia AS i_tarifaxdia,
               i.formatorenta AS i_formatorenta, i.genero AS i_genero,
               ti.id AS ti_id, ti.descripcion AS ti_descripcion
        FROM VI_ITEMS i
        LEFT JOIN VI_TIPOITEM ti ON i.TIPOITEM_id = ti.id
    </select>

    <!-- Consultar un item por id -->
    <select id="consultarItem" parameterType="int" resultMap="ItemResult">
        SELECT i.id AS i_id, i.nombre AS i_nombre, i.descripcion AS i_descripcion,
               i.fechalanzamiento AS i_fechaLanzamiento, i.tarifaxdia AS i_tarifaxdia,
               i.formatorenta AS i_formatorenta, i.genero AS i_genero,
               ti.id AS ti_id, ti.descripcion AS ti_descripcion
        FROM VI_ITEMS i
        LEFT JOIN VI_TIPOITEM ti ON i.TIPOITEM_id = ti.id
        WHERE i.id = #{id}
    </select>

    <!-- Insertar un item -->
    <insert id="insertarItem">
        INSERT INTO VI_ITEMS (id, nombre, descripcion, fechalanzamiento, tarifaxdia, formatorenta, genero, TIPOITEM_id)
        VALUES (#{id}, #{nombre}, #{descripcion}, #{fechaLanzamiento}, #{tarifaxDia}, #{formatoRenta}, #{genero}, #{tipoItemId})
    </insert>

</mapper>
